Frequency (MHz),Peak (dBuV),Average (dBuV)
0.15107,27.42,19.98
0.15179,27.29,19.71
0.15251,27.29,19.31
0.15324,27.16,18.91
0.15396,26.49,18.25
0.15470,25.69,17.45
0.15543,25.03,16.79
0.15617,24.23,15.99
0.15691,24.10,15.06
0.15766,23.97,14.13
0.15841,23.83,13.20
0.15916,24.10,12.93
0.15992,24.36,13.86
0.16068,24.76,14.66
0.16144,25.16,15.59
0.16221,25.16,15.86
0.16298,24.90,16.26
0.16376,24.50,16.52
0.16454,24.23,16.92
0.16532,23.83,16.92
0.16611,23.83,16.12
0.16689,23.83,15.19
0.16769,23.83,14.39
0.16849,23.83,13.86
0.16929,23.83,13.46
0.17009,23.83,13.06
0.17090,23.70,13.20
0.17171,23.70,13.73
0.17253,23.57,14.26
0.17335,23.57,14.93
0.17417,23.43,15.06
0.17500,23.43,15.19
0.17583,23.43,15.32
0.17667,23.43,15.32
0.17751,23.43,14.53
0.17835,23.57,13.60
0.17920,23.70,12.80
0.18005,23.70,12.00
0.18091,23.04,11.74
0.18177,22.37,11.47
0.18264,22.64,12.00
0.18350,23.70,12.67
0.18438,24.90,13.33
0.18525,25.43,14.13
0.18613,26.09,14.93
0.18702,26.76,15.72
0.18791,27.42,16.52
0.18880,27.42,16.52
0.18970,26.89,16.39
0.19060,26.23,16.12
0.19151,25.56,15.99
0.19242,25.30,15.59
0.19333,24.90,15.19
0.19425,24.63,14.79
0.19518,24.63,14.39
0.19610,24.63,14.00
0.19704,25.03,13.60
0.19797,25.69,13.46
0.19891,26.23,13.20
0.19986,26.89,13.06
0.20081,26.89,12.93
0.20177,25.83,12.13
0.20272,24.76,11.34
0.20369,24.10,10.54
0.20466,24.50,10.27
0.20563,25.03,10.01
0.20661,25.03,10.54
0.20759,24.76,11.34
0.20858,24.63,12.13
0.20957,24.50,12.13
0.21057,24.63,12.00
0.21157,24.76,12.00
0.21257,25.30,12.00
0.21358,25.96,12.00
0.21460,25.96,12.00
0.21562,25.56,11.47
0.21664,25.16,10.94
0.21767,24.76,10.27
0.21871,24.63,9.34
0.21975,24.50,8.41
0.22079,24.36,8.15
0.22184,23.83,8.94
0.22290,23.30,9.74
0.22396,22.64,9.74
0.22502,22.50,9.34
0.22609,22.50,8.81
0.22717,22.50,8.41
0.22825,22.50,8.15
0.22933,22.50,8.68
0.23042,22.50,9.48
0.23152,22.50,10.27
0.23262,22.64,10.54
0.23373,22.64,10.94
0.23484,22.64,11.34
0.23595,22.77,11.34
0.23708,22.77,10.81
0.23820,22.77,10.27
0.23934,22.64,9.61
0.24047,22.37,8.94
0.24162,22.37,8.28
0.24277,22.64,8.01
0.24392,23.04,7.75
0.24508,23.43,7.22
0.24625,23.83,6.68
0.24742,23.83,6.15
0.24859,23.43,6.15
0.24978,22.90,6.15
0.25096,22.50,7.08
0.25216,22.50,8.28
0.25336,22.50,9.48
0.25456,22.64,10.67
0.25577,22.64,10.67
0.25699,22.24,10.54
0.25821,21.84,10.27
0.25944,21.44,10.14
0.26067,21.44,8.15
0.26191,21.44,6.02
0.26315,21.71,5.49
0.26441,21.97,4.96
0.26566,21.97,4.42
0.26693,20.91,4.03
0.26820,20.11,3.63
0.26947,20.24,3.63
0.27075,20.24,3.63
0.27204,19.84,3.63
0.27333,19.84,4.82
0.27463,20.24,6.02
0.27594,20.64,7.22
0.27725,20.64,7.35
0.27857,20.11,7.35
0.27989,19.98,7.22
0.28122,20.51,6.15
0.28256,20.51,5.09
0.28390,19.71,4.42
0.28525,18.91,3.76
0.28661,18.52,3.09
0.28797,18.78,2.70
0.28934,19.58,2.96
0.29072,20.38,3.36
0.29210,20.38,3.36
0.29349,20.24,3.23
0.29489,20.24,4.42
0.29629,20.51,5.89
0.29770,20.78,6.15
0.29911,21.04,6.55
0.30053,21.04,6.55
0.30196,19.58,6.29
0.30340,18.25,5.89
0.30484,18.65,4.82
0.30629,18.65,3.76
0.30775,17.98,2.70
0.30921,17.85,2.16
0.31068,18.52,2.70
0.31216,18.65,2.70
0.31364,18.65,2.43
0.31513,18.65,3.23
0.31663,18.38,4.29
0.31814,19.18,5.35
0.31965,20.38,6.55
0.32117,20.38,6.55
0.32270,19.31,6.42
0.32423,18.65,6.29
0.32577,18.91,5.09
0.32732,18.91,3.76
0.32888,17.85,2.83
0.33044,17.32,2.03
0.33201,17.85,1.90
0.33359,18.38,1.63
0.33518,18.38,2.30
0.33677,17.58,3.36
0.33837,17.19,3.36
0.33998,17.72,2.96
0.34160,17.72,2.70
0.34322,17.32,2.70
0.34485,17.45,2.70
0.34649,17.98,2.56
0.34814,17.98,2.43
0.34980,16.65,1.77
0.35146,16.79,1.63
0.35313,17.05,1.50
0.35481,17.45,1.23
0.35650,17.58,0.83
0.35819,17.72,0.57
0.35990,17.72,1.23
0.36161,16.26,1.37
0.36333,16.65,1.50
0.36505,16.65,1.50
0.36679,15.99,1.23
0.36853,16.79,2.16
0.37029,16.79,2.16
0.37205,16.79,1.90
0.37382,16.79,1.63
0.37559,16.92,1.77
0.37738,17.58,2.83
0.37917,17.58,2.83
0.38098,17.19,2.56
0.38279,16.65,2.30
0.38461,15.59,2.30
0.38644,15.46,2.16
0.38827,15.46,1.37
0.39012,13.86,0.97
0.39197,12.40,0.70
0.39384,14.66,4.56
0.39571,17.19,9.08
0.39759,21.04,16.12
0.39948,21.31,17.58
0.40138,21.57,18.12
0.40329,21.57,18.12
0.40521,20.64,16.92
0.40713,19.58,13.46
0.40907,14.39,5.89
0.41102,11.60,1.90
0.41297,9.34,-1.03
0.41493,8.41,-1.82
0.41691,7.88,-2.09
0.41889,7.61,-1.82
0.42088,9.34,-1.82
0.42288,9.34,-2.09
0.42489,8.28,-1.82
0.42691,8.15,-1.82
0.42894,8.15,-2.09
0.43098,8.01,-1.69
0.43303,8.15,0.44
0.43509,8.15,0.44
0.43716,8.15,-0.10
0.43924,8.01,-0.76
0.44133,7.08,-1.43
0.44342,6.95,-2.22
0.44553,6.29,-2.62
0.44765,5.89,-3.15
0.44978,6.42,-3.15
0.45192,6.95,-2.89
0.45407,6.95,-2.89
0.45623,6.15,-3.15
0.45840,6.29,-3.42
0.46058,6.42,-3.29
0.46277,6.42,-3.29
0.46497,5.49,-3.69
0.46718,5.62,-3.55
0.46940,5.75,-3.29
0.47163,5.75,-3.29
0.47387,4.69,-3.42
0.47613,5.22,-3.55
0.47839,6.02,-3.55
0.48066,6.55,-3.69
0.48295,6.55,-3.95
0.48525,5.09,-3.95
0.48755,4.96,-3.95
0.48987,4.56,-4.08
0.49220,4.16,-4.08
0.49454,4.03,-4.22
0.49689,5.35,-4.75
0.49925,6.15,-4.35
0.50163,6.95,-3.69
0.50401,6.95,-3.29
0.50641,6.82,-3.29
0.50882,6.55,-3.42
0.51124,6.55,-4.48
0.51367,6.15,-4.75
0.51611,5.75,-4.88
0.51856,4.96,-4.62
0.52103,4.96,-4.48
0.52351,4.16,-4.62
0.52600,5.22,-4.75
0.52850,5.22,-4.62
0.53101,4.42,-4.62
0.53354,5.89,-4.62
0.53607,5.89,-4.75
0.53862,3.63,-5.01
0.54118,5.35,-5.15
0.54376,5.35,-5.01
0.54634,3.89,-5.15
0.54894,3.89,-5.41
0.55155,3.76,-5.15
0.55417,3.36,-5.15
0.55681,3.49,-5.28
0.55945,5.09,-5.01
0.56211,5.09,-5.01
0.56479,4.42,-5.41
0.56747,4.82,-5.28
0.57017,4.82,-5.28
0.57288,3.76,-5.41
0.57560,4.03,-5.41
0.57834,4.03,-5.41
0.58109,3.76,-5.28
0.58385,3.89,-5.15
0.58663,3.89,-5.15
0.58942,4.03,-4.75
0.59222,4.69,-4.75
0.59504,4.69,-4.88
0.59787,4.03,-5.28
0.60071,4.03,-5.41
0.60357,2.70,-5.95
0.60644,3.23,-5.55
0.60932,3.36,-5.55
0.61222,4.69,-5.28
0.61513,4.69,-5.28
0.61805,3.23,-5.95
0.62099,4.16,-5.95
0.62394,4.69,-5.41
0.62691,4.69,-5.41
0.62989,4.16,-5.68
0.63289,4.16,-5.68
0.63590,3.49,-5.41
0.63892,3.49,-5.41
0.64196,4.16,-5.15
0.64501,4.16,-5.15
0.64808,3.23,-5.41
0.65116,3.89,-5.41
0.65425,4.69,-5.41
0.65736,4.69,-5.41
0.66049,3.09,-5.81
0.66363,3.49,-5.81
0.66679,3.49,-5.95
0.66996,3.63,-5.81
0.67314,3.89,-5.68
0.67634,3.89,-5.68
0.67956,3.49,-5.55
0.68279,4.16,-5.55
0.68604,4.16,-5.68
0.68930,3.63,-5.68
0.69258,4.16,-5.95
0.69587,4.16,-6.08
0.69918,3.76,-5.95
0.70250,3.49,-5.95
0.70584,2.83,-5.95
0.70920,3.09,-5.95
0.71257,3.09,-6.08
0.71596,3.23,-5.95
0.71936,3.23,-6.08
0.72278,4.96,-5.81
0.72622,4.96,-5.81
0.72967,4.82,-5.95
0.73314,4.82,-5.68
0.73663,4.82,-5.68
0.74013,3.49,-5.95
0.74365,3.23,-6.08
0.74719,3.23,-6.21
0.75074,4.56,-5.68
0.75431,4.56,-5.68
0.75789,3.89,-6.34
0.76150,3.89,-5.81
0.76512,3.89,-5.68
0.76876,3.89,-5.81
0.77241,4.42,-6.34
0.77609,4.42,-6.08
0.77978,2.43,-6.08
0.78348,2.43,-6.21
0.78721,3.76,-6.74
0.79095,3.76,-6.74
0.79471,6.15,-3.29
0.79849,15.46,1.37
0.80229,17.45,14.00
0.80610,17.45,15.86
0.80993,17.19,4.16
0.81379,15.46,2.03
0.81766,2.70,-6.34
0.82154,2.70,-6.61
0.82545,5.49,-6.21
0.82937,5.49,-6.21
0.83332,3.09,-6.34
0.83728,3.23,-6.08
0.84126,3.23,-5.95
0.84526,2.96,-6.08
0.84928,2.16,-6.48
0.85332,3.09,-6.21
0.85738,3.09,-6.21
0.86145,2.43,-6.34
0.86555,2.56,-6.48
0.86966,3.23,-5.81
0.87380,4.96,-5.81
0.87795,4.96,-6.08
0.88213,2.96,-6.34
0.88632,2.03,-6.48
0.89054,2.43,-7.14
0.89477,3.49,-6.48
0.89903,3.49,-6.21
0.90330,4.03,-5.95
0.90759,4.03,-5.95
0.91191,2.83,-6.34
0.91625,3.49,-6.48
0.92060,3.49,-5.81
0.92498,3.49,-5.81
0.92938,3.09,-5.95
0.93380,3.09,-6.08
0.93824,3.09,-6.61
0.94270,3.76,-5.68
0.94718,3.76,-5.68
0.95168,3.36,-6.21
0.95621,3.36,-6.88
0.96076,3.23,-6.88
0.96532,3.63,-6.08
0.96991,3.63,-6.08
0.97453,3.23,-6.08
0.97916,2.96,-6.61
0.98381,2.96,-6.88
0.98849,3.36,-6.34
0.99319,3.36,-6.21
0.99792,2.43,-6.34
1.00266,2.43,-6.88
1.00743,2.30,-7.01
1.01222,3.09,-5.55
1.01703,3.09,-5.55
1.02187,3.36,-6.61
1.02673,3.36,-6.74
1.03161,3.76,-6.34
1.03651,3.76,-6.21
1.04144,2.83,-6.21
1.04639,2.43,-7.01
1.05137,3.23,-6.61
1.05637,3.49,-6.48
1.06139,3.49,-6.48
1.06644,3.49,-6.74
1.07151,3.49,-6.74
1.07660,3.49,-6.61
1.08172,3.49,-6.61
1.08686,2.83,-6.74
1.09203,2.43,-6.88
1.09722,2.56,-6.74
1.10244,3.36,-6.74
1.10768,3.36,-6.74
1.11295,2.43,-6.74
1.11824,2.56,-6.34
1.12356,2.56,-6.34
1.12890,1.90,-7.14
1.13427,1.50,-7.27
1.13966,1.90,-6.48
1.14508,2.43,-6.48
1.15053,3.63,-7.01
1.15600,3.63,-7.01
1.16149,2.16,-7.01
1.16701,2.56,-7.01
1.17256,2.56,-7.14
1.17814,2.56,-7.01
1.18374,2.70,-6.48
1.18937,2.70,-6.48
1.19502,2.56,-7.01
1.20071,21.31,2.16
1.20642,21.97,8.01
1.21215,21.97,4.29
1.21792,17.58,1.77
1.22371,2.83,-6.48
1.22952,2.56,-6.48
1.23537,3.23,-6.61
1.24124,3.23,-7.01
1.24715,2.56,-5.95
1.25308,2.56,-5.95
1.25903,3.49,-6.74
1.26502,3.49,-5.81
1.27104,2.96,-5.81
1.27708,2.96,-6.48
1.28315,2.70,-6.88
1.28925,3.36,-5.68
1.29538,3.49,-5.68
1.30154,3.49,-6.21
1.30773,2.96,-5.95
1.31395,4.56,-5.41
1.32020,4.56,-5.41
1.32647,2.96,-6.34
1.33278,4.03,-5.15
1.33912,4.03,-5.15
1.34548,3.36,-5.68
1.35188,3.36,-5.55
1.35831,4.29,-5.15
1.36477,4.29,-5.15
1.37126,2.70,-5.95
1.37778,4.03,-5.41
1.38433,4.03,-5.41
1.39091,3.89,-5.95
1.39752,4.56,-5.28
1.40417,4.56,-5.28
1.41085,3.09,-6.08
1.41755,2.70,-5.68
1.42429,3.23,-5.68
1.43107,3.23,-6.08
1.43787,4.29,-5.41
1.44471,4.29,-5.28
1.45158,3.49,-5.41
1.45848,2.43,-6.88
1.46541,3.36,-6.88
1.47238,3.36,-5.95
1.47938,3.23,-5.81
1.48642,3.09,-5.55
1.49348,3.09,-5.55
1.50059,3.76,-5.68
1.50772,3.76,-5.68
1.51489,4.03,-6.21
1.52209,4.03,-6.21
1.52933,3.36,-5.41
1.53660,2.70,-5.41
1.54391,2.56,-7.01
1.55125,3.09,-5.95
1.55862,3.09,-5.95
1.56603,3.49,-7.01
1.57348,3.49,-6.08
1.58096,2.96,-6.08
1.58848,2.96,-6.48
1.59603,3.09,-5.95
1.60362,24.63,2.16
1.61125,24.90,5.22
1.61891,24.90,0.83
1.62660,7.48,-4.35
1.63434,4.16,-5.01
1.64211,3.23,-5.95
1.64992,3.23,-5.95
1.65776,3.63,-5.41
1.66564,3.63,-5.41
1.67356,3.49,-5.95
1.68152,3.49,-5.15
1.68952,3.49,-5.15
1.69755,3.89,-5.15
1.70562,5.09,-5.15
1.71373,5.09,-5.28
1.72188,3.89,-4.35
1.73007,3.89,-4.35
1.73829,3.63,-4.48
1.74656,5.09,-4.48
1.75486,5.09,-4.75
1.76321,4.69,-4.35
1.77159,3.76,-4.35
1.78001,3.09,-5.15
1.78848,4.42,-4.35
1.79698,4.42,-4.35
1.80553,4.96,-4.62
1.81411,4.96,-4.62
1.82274,2.70,-6.34
1.83140,4.56,-5.01
1.84011,4.56,-5.01
1.84886,4.03,-5.81
1.85765,4.03,-5.81
1.86648,2.83,-6.74
1.87536,3.09,-6.21
1.88428,3.89,-6.21
1.89324,3.89,-6.48
1.90224,2.70,-6.48
1.91128,3.23,-6.88
1.92037,3.23,-6.88
1.92950,3.23,-7.01
1.93868,3.23,-7.27
1.94789,3.23,-7.41
1.95715,2.30,-6.74
1.96646,2.30,-6.74
1.97581,2.96,-6.88
1.98521,2.96,-6.88
1.99464,2.43,-7.14
2.00413,14.26,1.63
2.01366,16.79,2.03
2.02323,16.79,3.09
2.03285,5.22,-3.15
2.04252,3.36,-6.61
2.05223,3.36,-6.61
2.06199,3.63,-6.48
2.07179,3.63,-6.48
2.08164,2.83,-6.34
2.09154,2.30,-6.34
2.10149,2.83,-6.21
2.11148,3.36,-5.95
2.12152,3.36,-5.95
2.13160,2.70,-6.08
2.14174,2.70,-6.08
2.15192,3.76,-5.95
2.16216,3.76,-5.95
2.17244,3.49,-6.34
2.18277,3.49,-6.34
2.19314,2.70,-6.34
2.20357,2.70,-6.34
2.21405,2.56,-6.61
2.22458,3.23,-6.61
2.23515,3.23,-7.27
2.24578,2.30,-7.27
2.25646,2.83,-6.61
2.26719,2.83,-6.61
2.27797,1.90,-7.41
2.28880,1.90,-7.01
2.29968,2.03,-7.01
2.31062,2.03,-7.67
2.32160,2.70,-7.41
2.33264,3.23,-7.41
2.34373,3.23,-7.41
2.35488,2.83,-7.41
2.36607,2.83,-7.41
2.37732,2.56,-7.54
2.38863,2.56,-7.27
2.39999,8.01,-2.49
2.41140,26.62,1.63
2.42286,26.62,1.90
2.43438,19.98,0.57
2.44596,3.89,-6.48
2.45759,3.89,-6.48
2.46927,4.16,-5.81
2.48101,4.16,-5.81
2.49281,2.43,-6.34
2.50466,2.70,-6.34
2.51657,3.09,-7.27
2.52854,3.09,-6.48
2.54056,3.09,-6.34
2.55264,4.56,-6.34
2.56478,4.56,-6.34
2.57697,4.29,-6.21
2.58923,3.09,-6.21
2.60154,3.09,-6.21
2.61391,2.70,-6.21
2.62634,2.70,-7.41
2.63882,2.96,-7.27
2.65137,2.96,-7.14
2.66398,2.43,-7.14
2.67664,2.43,-7.14
2.68937,2.83,-7.14
2.70216,3.09,-7.27
2.71501,3.09,-7.54
2.72792,2.96,-7.41
2.74089,2.56,-7.14
2.75392,2.56,-7.14
2.76701,2.16,-7.27
2.78017,2.16,-7.41
2.79339,2.30,-7.27
2.80667,15.46,-0.23
2.82002,15.46,0.04
2.83342,15.19,0.17
2.84690,3.09,-6.88
2.86043,2.96,-6.74
2.87403,3.63,-6.08
2.88770,3.63,-6.08
2.90143,3.23,-6.34
2.91522,3.23,-6.34
2.92909,2.70,-6.88
2.94301,4.42,-6.48
2.95701,4.42,-6.48
2.97107,3.49,-6.88
2.98519,3.89,-6.21
2.99939,3.89,-6.21
3.01365,3.09,-6.74
3.02798,3.09,-6.88
3.04237,4.82,-6.48
3.05684,4.82,-6.48
3.07138,3.76,-7.01
3.08598,2.43,-7.14
3.10065,4.69,-7.14
3.11540,4.69,-7.41
3.13021,2.43,-7.41
3.14509,2.43,-7.41
3.16005,2.43,-6.88
3.17507,2.43,-6.88
3.19017,2.43,-7.27
3.20534,25.30,0.17
3.22058,25.96,2.16
3.23589,25.96,1.63
3.25128,3.63,-7.14
3.26674,3.63,-7.01
3.28227,3.63,-6.88
3.29787,3.36,-6.88
3.31355,3.36,-6.74
3.32931,3.36,-6.74
3.34514,2.83,-6.88
3.36105,3.36,-6.74
3.37703,3.36,-6.74
3.39308,3.23,-6.88
3.40922,3.09,-7.01
3.42543,3.09,-7.14
3.44171,3.23,-7.01
3.45808,3.76,-7.01
3.47452,3.89,-7.01
3.49104,3.89,-7.01
3.50764,3.63,-7.01
3.52432,3.63,-6.88
3.54108,3.23,-6.88
3.55791,3.36,-7.01
3.57483,3.36,-7.54
3.59183,2.96,-7.54
3.60891,24.10,0.04
3.62607,24.10,0.70
3.64331,21.97,0.57
3.66063,2.03,-7.27
3.67804,3.23,-6.61
3.69552,4.03,-6.34
3.71310,4.03,-6.34
3.73075,3.63,-6.48
3.74849,3.23,-6.48
3.76631,3.23,-6.48
3.78422,4.96,-6.61
3.80221,4.96,-6.48
3.82029,4.42,-6.48
3.83846,4.42,-6.61
3.85671,2.83,-6.61
3.87505,3.36,-6.34
3.89347,3.36,-6.21
3.91198,2.83,-6.21
3.93058,3.76,-6.48
3.94927,3.76,-6.48
3.96805,3.23,-6.48
3.98692,3.23,-6.74
4.00588,21.57,0.97
4.02492,21.97,1.10
4.04406,21.97,0.57
4.06329,3.76,-6.61
4.08261,4.29,-5.95
4.10202,4.29,-5.95
4.12152,4.03,-5.95
4.14112,4.42,-5.81
4.16081,4.42,-5.81
4.18060,4.29,-5.95
4.20047,4.69,-5.95
4.22045,4.69,-5.95
4.24051,3.76,-6.08
4.26068,5.22,-6.21
4.28093,5.22,-5.95
4.30129,4.96,-5.95
4.32174,3.63,-6.08
4.34229,3.76,-6.08
4.36294,4.56,-6.08
4.38368,6.15,-6.08
4.40452,18.78,1.63
4.42547,27.16,2.83
4.44651,27.16,1.90
4.46765,4.69,-6.34
4.48889,5.09,-6.21
4.51024,5.09,-6.21
4.53168,3.89,-6.08
4.55323,4.96,-6.08
4.57488,4.96,-6.08
4.59663,4.29,-6.08
4.61849,4.82,-6.08
4.64045,4.82,-5.81
4.66251,4.56,-5.81
4.68468,4.56,-6.21
4.70696,4.56,-6.21
4.72934,4.82,-5.81
4.75182,4.82,-5.81
4.77442,3.23,-6.08
4.79712,2.96,-6.88
4.81993,5.22,-1.43
4.84285,5.22,-1.43
4.86587,4.69,-6.34
4.88901,8.68,-6.08
4.91226,8.68,-5.95
4.93561,4.16,-5.81
4.95908,8.81,-5.55
4.98266,8.81,-5.55
5.00635,5.22,-5.81
5.03015,4.96,-5.81
5.05407,4.96,-6.08
5.07810,5.09,-6.08
5.10225,5.09,-5.95
5.12651,5.49,-5.55
5.15088,5.49,-5.55
5.17537,3.76,-5.95
5.19998,11.87,-0.10
5.22471,27.29,1.23
5.24955,27.29,1.23
5.27451,4.82,-5.68
5.29959,4.29,-5.68
5.32479,4.96,-5.68
5.35011,4.96,-5.68
5.37554,5.62,-5.68
5.40110,5.62,-5.68
5.42679,4.42,-5.81
5.45259,4.42,-5.68
5.47851,5.62,-5.68
5.50456,5.62,-5.81
5.53074,4.03,-5.55
5.55703,4.69,-5.55
5.58346,4.69,-5.68
5.61000,21.44,1.37
5.63668,21.57,0.97
5.66348,21.44,0.83
5.69041,5.75,-5.81
5.71746,5.75,-5.81
5.74465,10.27,-5.15
5.77196,10.27,-5.15
5.79941,5.49,-5.28
5.82698,5.62,-5.28
5.85469,6.42,-5.28
5.88253,6.42,-5.41
5.91050,6.15,-4.88
5.93860,8.28,-2.36
5.96684,8.28,-2.36
5.99521,4.56,-4.22
6.02371,25.16,1.37
6.05236,25.16,2.30
6.08113,4.96,-4.62
6.11005,5.22,-5.55
6.13910,5.35,-5.28
6.16829,5.35,-5.28
6.19762,7.08,-5.28
6.22709,7.08,-5.15
6.25670,6.82,-5.15
6.28645,6.82,-5.01
6.31634,5.49,-5.01
6.34637,5.49,-5.01
6.37654,5.49,-5.15
6.40686,21.17,2.30
6.43733,26.36,2.16
6.46793,26.36,1.50
6.49869,6.02,-5.01
6.52959,6.02,-4.88
6.56063,5.49,-4.75
6.59183,4.96,-4.75
6.62317,4.69,-5.01
6.65466,5.09,-5.01
6.68631,5.75,-4.88
6.71810,5.75,-4.88
6.75004,5.62,-5.01
6.78213,5.22,-5.01
6.81438,18.52,0.70
6.84678,18.52,0.70
6.87934,15.86,0.57
6.91205,5.35,-4.48
6.94491,6.95,-4.48
6.97793,6.95,-4.48
7.01111,5.62,-4.62
7.04445,6.29,-4.48
7.07794,6.29,-4.35
7.11160,6.15,-4.35
7.14541,6.82,-4.35
7.17939,6.82,-4.48
7.21352,27.82,2.96
7.24782,27.95,3.09
7.28228,27.82,2.03
7.31691,6.29,-4.22
7.35170,6.29,-4.22
7.38666,6.68,-3.82
7.42178,7.88,-3.69
7.45707,7.88,-3.69
7.49252,6.55,-3.69
7.52815,6.55,-3.82
7.56394,6.02,-3.42
7.59991,5.89,-3.42
7.63604,15.06,0.83
7.67235,15.06,1.63
7.70883,5.75,-3.02
7.74549,6.15,-3.02
7.78231,7.48,-3.02
7.81932,7.48,-3.02
7.85650,7.08,-3.42
7.89385,8.01,-3.42
7.93139,8.01,-3.15
7.96910,7.88,-3.15
8.00699,15.99,3.63
8.04506,27.16,3.76
8.08331,27.16,4.03
8.12175,7.61,-2.75
8.16037,6.95,-2.75
8.19917,6.82,-2.75
8.23815,7.75,-3.02
8.27732,7.75,-2.89
8.31668,7.22,-2.75
8.35622,9.87,-2.75
8.39595,9.87,-3.15
8.43588,24.63,3.89
8.47599,24.63,3.63
8.51629,13.60,-2.36
8.55678,13.60,-2.36
8.59747,11.60,-2.36
8.63835,16.12,-2.36
8.67942,16.12,-2.75
8.72069,8.01,-2.36
8.76215,11.60,-1.96
8.80381,11.60,-1.96
8.84567,23.57,3.49
8.88773,23.57,4.42
8.92999,10.54,-2.09
8.97245,9.61,-2.09
9.01512,8.15,-2.09
9.05798,8.55,-2.09
9.10105,8.55,-1.96
9.14432,8.15,-1.96
9.18780,7.88,-2.22
9.23149,27.69,4.03
9.27538,27.69,4.56
9.31948,7.75,-1.96
9.36380,10.54,-1.43
9.40832,10.54,-1.43
9.45305,9.74,-2.09
9.49800,9.74,-1.82
9.54316,9.87,-1.82
9.58854,12.53,-1.82
9.63413,12.53,2.16
9.67994,14.53,2.16
9.72596,16.52,-1.56
9.77221,16.79,-1.29
9.81867,16.79,-1.03
9.86536,15.06,-0.76
9.91227,15.46,-0.76
9.95940,25.56,-0.36
10.00675,25.56,6.68
10.05433,28.22,6.95
10.10214,28.22,6.82
10.15017,16.92,-0.23
10.19843,16.39,-0.23
10.24692,16.12,0.04
10.29565,13.86,0.04
10.34460,12.13,0.30
10.39378,12.40,0.30
10.44321,21.44,6.42
10.49286,21.44,6.42
10.54275,11.47,1.23
10.59288,11.47,1.10
10.64325,11.87,1.10
10.69385,11.87,0.97
10.74470,11.74,1.10
10.79579,12.80,1.10
10.84712,26.62,8.15
10.89870,26.62,7.75
10.95052,12.00,1.37
11.00258,12.67,1.37
11.05490,12.67,1.50
11.10746,12.00,1.50
11.16028,12.53,1.50
11.21334,25.16,8.68
11.26666,26.49,8.68
11.32023,26.49,8.68
11.37405,15.59,1.77
11.42813,15.59,1.77
11.48247,12.53,1.50
11.53707,12.53,1.50
11.59193,12.00,1.37
11.64704,21.44,7.35
11.70242,21.44,7.35
11.75806,14.26,1.50
11.81397,14.26,1.50
11.87014,12.67,1.90
11.92658,12.80,2.16
11.98329,13.20,2.43
12.04027,28.22,9.48
12.09752,28.22,9.87
12.15504,14.39,2.96
12.21283,15.72,2.96
12.27090,15.72,2.96
12.32925,13.86,3.36
12.38787,13.60,3.36
12.44677,15.86,9.34
12.50596,15.86,9.34
12.56542,14.66,3.36
12.62516,14.66,3.36
12.68519,14.53,3.23
12.74551,14.13,3.23
12.80611,14.13,4.16
12.86700,28.22,10.01
12.92818,28.22,9.34
12.98965,13.06,2.16
13.05142,12.67,1.77
13.11347,12.67,1.90
13.17582,13.20,1.90
13.23847,24.10,8.81
13.30142,24.10,8.28
13.36466,12.67,2.16
13.42821,13.33,2.30
13.49206,13.33,3.36
13.55621,13.33,3.36
13.62067,25.30,8.28
13.68543,25.30,8.41
13.75050,24.76,9.21
13.81588,13.46,2.83
13.88157,13.46,3.09
13.94758,14.39,3.23
14.01389,27.69,10.01
14.08053,27.95,9.87
14.14748,27.95,9.74
14.21475,14.26,2.83
14.28233,13.73,2.70
14.35024,14.79,2.70
14.41847,16.65,8.28
14.48703,16.92,8.28
14.55591,16.92,8.28
14.62512,14.39,2.56
14.69466,13.33,2.56
14.76453,13.33,2.96
14.83474,28.62,9.87
14.90527,28.62,9.74
14.97614,13.20,3.09
15.04735,13.20,2.70
15.11890,12.93,2.70
15.19079,13.20,2.96
15.26301,19.84,8.15
15.33559,19.84,8.81
15.40850,12.93,2.70
15.48177,13.06,2.96
15.55538,13.73,2.96
15.62934,27.16,10.01
15.70366,27.16,9.74
15.77832,15.06,3.49
15.85335,15.06,3.36
15.92873,14.79,3.36
16.00446,14.79,4.56
16.08056,25.96,9.48
16.15702,25.96,9.48
16.23384,14.13,4.03
16.31103,13.60,4.03
16.38859,13.60,3.89
16.46651,22.90,9.74
16.54481,22.90,9.87
16.62347,14.39,3.76
16.70251,14.53,4.29
16.78193,14.93,4.29
16.86172,28.88,11.47
16.94190,28.88,11.47
17.02245,16.79,4.96
17.10339,16.92,5.09
17.18471,16.92,5.09
17.26642,16.65,5.09
17.34852,16.52,5.62
17.43101,17.19,5.75
17.51389,18.12,5.75
17.59717,18.12,5.89
17.68084,28.62,13.46
17.76491,28.62,13.86
17.84937,18.78,5.89
17.93424,17.85,6.15
18.01952,24.63,12.93
18.10520,24.63,13.06
18.19128,23.43,13.20
18.27778,17.45,5.75
18.36468,17.32,5.35
18.45200,26.23,12.27
18.53974,26.23,12.27
18.62789,15.99,4.69
18.71646,15.99,4.42
18.80546,15.72,5.49
18.89487,27.02,11.20
18.98471,27.02,11.20
19.07498,16.12,4.03
19.16568,16.12,4.03
19.25681,19.05,10.01
19.34837,19.05,10.01
19.44037,15.06,4.03
19.53280,15.06,4.29
19.62567,27.95,11.60
19.71899,27.95,11.20
19.81275,27.82,11.07
19.90696,15.06,3.76
20.00161,15.06,3.76
20.09671,16.92,9.21
20.19227,16.92,9.21
20.28828,14.00,3.63
20.38474,14.93,3.76
20.48167,27.02,10.41
20.57905,27.02,10.81
20.67690,14.26,3.76
20.77522,14.53,3.89
20.87400,24.50,10.67
20.97325,24.50,10.67
21.07297,14.93,4.16
21.17317,15.19,4.42
21.27384,23.43,11.07
21.37500,23.43,11.07
21.47663,15.72,4.56
21.57875,15.72,4.56
21.68135,27.42,11.47
21.78444,27.42,11.47
21.88802,15.32,4.82
21.99209,15.32,4.82
22.09666,15.46,9.21
22.20172,15.86,9.21
22.30729,15.99,5.09
22.41335,27.16,11.87
22.51993,27.29,12.00
22.62700,27.29,12.00
22.73459,16.26,5.09
22.84269,21.71,11.60
22.95130,21.71,11.60
23.06043,15.99,5.09
23.17007,15.99,5.09
23.28024,25.69,12.00
23.39094,25.69,12.27
23.50215,15.59,5.22
23.61390,21.44,10.81
23.72618,26.36,11.74
23.83899,26.36,11.60
23.95234,16.65,8.28
24.06623,21.17,11.60
24.18066,21.17,11.60
24.29563,15.72,5.22
24.41115,20.38,9.48
24.52722,27.16,12.00
24.64385,27.16,12.00
24.76102,15.86,4.96
24.87876,18.25,10.94
24.99705,18.25,10.94
25.11590,16.92,4.82
25.23532,26.36,12.00
25.35531,26.36,11.87
25.47587,16.26,6.29
25.59700,15.46,4.82
25.71871,23.70,11.74
25.84100,23.70,11.74
25.96387,15.46,4.82
26.08732,23.70,11.34
26.21136,23.70,11.34
26.33599,15.59,4.69
26.46121,26.09,11.87
26.58703,26.09,11.74
26.71344,16.26,4.42
26.84046,18.65,11.20
26.96808,18.65,11.20
27.09631,15.46,4.42
27.22514,26.36,11.47
27.35459,26.62,11.47
27.48466,26.62,11.47
27.61534,20.78,11.74
27.74665,20.91,11.34
27.87858,20.91,11.20
28.01113,21.04,8.15
28.14432,24.63,11.60
28.27814,24.63,12.00
28.41260,19.84,8.41
28.54769,25.16,11.60
28.68343,25.16,11.74
28.81981,21.31,11.74
28.95685,21.31,11.87
29.09453,21.31,11.60
29.23287,26.23,11.74
29.37186,26.23,12.13
29.51152,18.91,7.22
29.65184,20.11,12.00
29.79283,26.23,12.00
29.93449,27.16,12.13
30.07682,30.21,24.50
30.21983,30.21,24.50
30.36352,29.15,21.84
30.50789,29.28,22.64
30.65295,29.28,22.64
30.79869,29.02,21.71
30.94514,29.02,21.71
31.09227,28.22,21.17
31.24011,29.82,24.50
31.38865,29.82,24.36
31.53790,28.09,20.38
31.68785,27.29,18.52
31.83852,27.29,18.52
31.98991,29.68,24.10
32.14201,30.08,24.10
32.29484,30.08,23.97
32.44839,27.82,21.17
32.60268,27.82,21.17
32.75770,26.62,18.65
32.91345,27.69,22.90
33.06995,27.69,22.90
33.22719,28.88,23.30
33.38518,28.88,22.90
33.54392,28.49,22.64
33.70341,27.16,19.31
33.86366,27.16,19.31
34.02468,29.02,23.17
34.18646,29.95,23.17
34.34901,29.95,23.04
34.51233,28.09,19.58
34.67643,28.09,19.58
34.84130,29.28,23.17
35.00697,29.28,22.90
35.17342,28.88,22.37
35.34066,28.88,23.30
35.50870,28.35,23.43
35.67753,28.09,21.04
35.84717,28.09,21.04
36.01762,29.82,24.36
36.18887,31.01,24.50
36.36094,31.01,25.03
36.53383,28.35,19.05
36.70754,28.35,19.05
36.88208,31.14,25.43
37.05744,31.14,25.56
37.23364,29.42,22.37
37.41068,29.42,22.50
37.58856,30.75,22.90
37.76729,30.75,23.83
37.94686,30.35,23.83
38.12729,31.14,25.16
38.30858,31.14,25.16
38.49073,29.42,20.38
38.67374,29.42,20.38
38.85763,32.08,26.49
39.04239,32.08,26.49
39.22802,31.14,23.17
39.41455,30.48,21.04
39.60195,32.21,25.83
39.79025,32.21,25.96
39.97945,31.94,25.96
40.16954,31.41,24.50
40.36054,31.41,24.50
40.55244,31.68,23.97
40.74526,31.68,23.97
40.93899,33.01,27.02
41.13365,33.01,27.02
41.32923,32.21,22.24
41.52574,32.21,22.77
41.72319,34.60,27.95
41.92157,34.60,27.95
42.12090,33.01,23.83
42.32118,33.01,23.83
42.52240,34.87,27.29
42.72459,34.87,27.29
42.92774,34.73,26.76
43.13185,34.73,26.76
43.33693,34.20,25.96
43.54299,34.07,25.96
43.75002,35.27,28.35
43.95805,35.27,28.35
44.16706,34.87,24.90
44.37706,34.87,26.09
44.58807,36.06,29.28
44.80007,36.06,29.28
45.01309,35.00,25.30
45.22711,36.33,28.35
45.44216,36.33,28.35
45.65823,35.66,28.09
45.87532,35.66,27.42
46.09345,35.80,27.02
46.31261,35.80,27.02
46.53282,36.20,28.75
46.75407,36.20,28.75
46.97638,35.00,25.03
47.19974,35.27,27.82
47.42416,35.93,29.02
47.64966,35.93,29.02
47.87622,33.80,24.90
48.10386,35.13,27.56
48.33258,35.13,27.56
48.56239,34.07,26.36
48.79330,34.07,26.36
49.02530,34.20,26.09
49.25840,34.20,26.89
49.49262,33.94,26.89
49.72794,33.54,24.50
49.96439,33.01,23.97
50.20196,33.01,27.16
50.44066,32.87,27.16
50.68049,31.68,23.70
50.92147,33.27,25.96
51.16359,33.27,25.96
51.40686,31.68,25.03
51.65129,31.68,25.03
51.89688,31.28,24.23
52.14364,31.41,25.69
52.39157,31.41,25.43
52.64068,31.41,23.43
52.89097,31.41,24.36
53.14246,31.41,24.36
53.39514,30.48,23.97
53.64902,30.75,24.23
53.90411,30.75,23.17
54.16041,31.14,23.17
54.41793,31.14,24.76
54.67668,30.48,23.83
54.93665,30.48,24.36
55.19786,30.48,22.50
55.46032,30.35,22.50
55.72402,30.48,23.43
55.98898,30.48,22.50
56.25519,29.95,22.50
56.52267,29.68,23.57
56.79142,29.95,24.10
57.06146,30.35,21.97
57.33277,31.28,21.97
57.60538,31.28,22.64
57.87928,29.68,22.64
58.15448,30.21,23.17
58.43099,30.21,21.44
58.70882,29.28,21.44
58.98797,30.08,21.57
59.26844,30.08,21.31
59.55025,29.15,21.04
59.83340,29.42,20.91
60.11789,29.42,21.04
60.40374,28.88,21.17
60.69095,28.75,21.17
60.97952,29.95,21.57
61.26946,29.95,21.44
61.56078,28.62,21.17
61.85349,29.28,21.17
62.14759,29.28,20.64
62.44309,29.02,20.64
62.73999,29.02,21.04
63.03831,29.02,21.04
63.33804,29.02,21.57
63.63920,28.88,21.71
63.94179,28.35,21.44
64.24582,28.22,21.17
64.55129,28.75,21.17
64.85822,28.75,21.31
65.16661,28.35,20.78
65.47646,28.35,20.78
65.78779,28.88,21.31
66.10059,28.88,21.31
66.41489,28.62,21.31
66.73068,28.75,21.71
67.04797,28.75,21.71
67.36676,28.62,21.97
67.68708,28.88,21.44
68.00892,28.88,21.44
68.33228,28.88,21.71
68.65719,28.88,22.37
68.98364,28.88,22.64
69.31164,29.95,22.50
69.64120,29.95,22.37
69.97233,29.02,22.50
70.30503,28.88,22.64
70.63932,29.55,22.64
70.97519,29.55,23.30
71.31266,29.68,23.83
71.65174,29.68,23.83
71.99243,29.95,23.57
72.33474,29.95,23.70
72.67867,30.35,23.57
73.02424,30.35,23.83
73.37146,30.88,23.83
73.72032,31.54,23.83
74.07085,31.68,24.76
74.42304,31.68,24.76
74.77690,31.68,24.76
75.13245,32.34,25.30
75.48969,32.34,25.30
75.84863,32.47,25.69
76.20927,33.01,25.69
76.57163,33.01,25.30
76.93571,32.87,25.30
77.30152,32.87,25.30
77.66907,32.61,25.30
78.03837,31.54,25.16
78.40943,31.01,24.36
78.78225,31.01,23.97
79.15684,30.35,23.57
79.53321,30.35,23.57
79.91138,29.15,21.71
80.29134,29.02,21.17
80.67310,28.62,20.64
81.05669,28.35,20.64
81.44209,28.22,19.58
81.82933,28.09,19.05
82.21841,27.42,18.65
82.60934,27.42,17.85
83.00213,26.76,17.85
83.39679,26.76,17.72
83.79332,26.62,17.32
84.19174,26.62,17.19
84.59206,26.49,17.32
84.99427,26.23,17.19
85.39840,26.23,17.19
85.80445,27.02,17.32
86.21243,27.02,17.19
86.62235,26.36,17.19
87.03422,26.09,17.45
87.44805,26.89,17.85
87.86385,26.89,16.92
88.28162,26.89,16.92
88.70138,26.89,19.18
89.12314,27.29,18.65
89.54690,27.29,18.65
89.97268,27.42,19.31
90.40048,27.82,19.45
90.83031,27.82,19.58
91.26219,27.42,19.05
91.69612,27.29,19.05
92.13211,27.29,19.84
92.57018,26.89,20.51
93.01033,26.76,19.45
93.45258,27.56,19.45
93.89692,28.62,20.11
94.34338,28.62,20.78
94.79196,27.29,19.84
95.24268,27.56,19.84
95.69554,27.56,20.11
96.15055,27.02,20.51
96.60772,27.16,20.64
97.06707,27.82,20.24
97.52860,27.82,20.24
97.99233,27.16,21.04
98.45826,27.29,20.51
98.92641,27.69,20.24
99.39678,27.69,20.24
99.86939,26.89,20.38
100.34425,26.62,19.84
100.82137,26.62,19.18
101.30075,26.49,19.18
101.78241,26.36,18.65
102.26637,26.62,18.12
102.75262,26.62,18.12
103.24119,25.96,17.85
103.73208,25.96,17.58
104.22530,25.96,17.58
104.72087,25.69,18.12
105.21879,25.69,18.52
105.71908,25.69,18.12
106.22175,25.56,17.98
106.72682,25.56,17.98
107.23428,25.56,18.12
