Frequency (MHz),Peak (dBuV)
0.15110,59.48
0.15147,59.48
0.15185,59.62
0.15222,59.62
0.15259,59.76
0.15296,59.76
0.15334,59.76
0.15409,54.95
0.15447,54.95
0.15484,54.95
0.15522,54.95
0.15560,54.81
0.15598,54.81
0.15637,54.53
0.15675,54.53
0.15713,54.53
0.15752,54.38
0.15790,53.96
0.15829,53.82
0.15945,53.25
0.15985,53.25
0.16221,52.12
0.16260,52.26
0.16300,52.26
0.16340,52.26
0.16501,52.40
0.16541,52.40
0.16582,52.26
0.16622,51.27
0.16663,50.85
0.16786,49.43
0.16827,49.43
0.16868,48.73
0.17075,48.73
0.17117,48.73
0.17370,48.44
0.17413,48.44
0.17455,48.44
0.17498,48.16
0.17541,48.02
0.17584,48.02
0.17627,47.88
0.17713,47.60
0.17800,47.03
0.17975,46.61
0.18019,46.61
0.18063,46.75
0.18107,46.89
0.18152,47.03
0.18196,47.17
0.18241,47.17
0.18330,47.88
0.18375,47.88
0.18420,48.02
0.18465,47.88
0.18646,49.15
0.18692,49.15
0.18738,49.15
0.19155,51.84
0.19202,51.98
0.19249,52.12
0.19343,52.69
0.19390,52.83
0.19438,52.97
0.19485,52.97
0.19533,52.97
0.19581,52.97
0.19629,52.97
0.19677,52.97
0.19725,52.97
0.19773,52.97
0.19822,52.97
0.19870,52.83
0.19919,52.83
0.19968,52.69
0.20017,52.69
0.20213,52.26
0.20263,52.55
0.20312,52.69
0.20764,54.10
0.20815,54.10
0.20866,54.24
0.20917,54.81
0.20968,54.95
0.21020,54.95
0.21071,54.81
0.21123,54.81
0.21174,54.81
0.21226,54.95
0.21278,54.95
0.21330,54.95
0.21383,54.95
0.21435,54.95
0.21487,54.81
0.21540,54.81
0.21593,54.81
0.21646,54.81
0.21699,54.81
0.21752,54.10
0.21805,53.82
0.21965,51.84
0.22019,51.13
0.22073,51.27
0.22127,51.13
0.22236,49.15
0.22290,49.15
0.22399,48.16
0.22454,48.16
0.22509,48.02
0.22564,48.02
0.22730,49.15
0.22786,49.29
0.22842,49.43
0.22898,49.29
0.22954,49.15
0.23010,49.15
0.23066,49.15
0.23123,49.15
0.23179,49.01
0.23407,47.88
0.23464,47.88
0.23579,47.03
0.23637,47.03
0.23695,46.89
0.23928,46.18
0.23986,46.18
0.24045,46.18
0.24104,46.18
0.24341,47.03
0.24401,47.03
0.24520,48.02
0.24640,49.15
0.24701,49.01
0.24761,49.43
0.24883,50.99
0.25189,52.69
0.25250,52.69
0.25312,52.69
0.25561,52.55
0.25623,52.55
0.25686,52.40
0.26002,50.71
0.26066,50.57
0.26451,49.15
0.26516,49.15
0.26581,49.15
0.26646,49.15
0.26711,49.15
0.26776,49.15
0.26842,49.01
0.26908,48.87
0.26973,48.73
0.27039,48.59
0.27372,48.59
0.27439,48.87
0.27506,49.01
0.27574,49.15
0.27641,49.15
0.27709,49.15
0.27845,51.84
0.27913,51.98
0.27981,52.12
0.28049,52.12
0.28256,52.97
0.28325,52.97
0.28395,52.83
0.28464,52.83
0.28534,52.69
0.28744,51.98
0.28814,51.70
0.28885,51.56
0.28955,51.41
0.29169,49.15
0.29240,49.29
0.29312,49.29
0.29383,49.15
0.29455,48.30
0.29527,48.02
0.29600,48.02
0.29745,47.60
0.29818,47.60
0.29890,47.45
0.29964,47.45
0.30037,25.25
0.30184,47.17
0.30258,47.03
0.30332,46.46
0.30406,46.32
0.30481,46.18
0.30556,45.33
0.30630,45.19
0.30705,45.05
0.30780,45.19
0.30856,45.47
0.30931,45.47
0.31007,45.33
0.31083,44.06
0.31159,44.06
0.31235,43.35
0.31312,43.35
0.31388,43.35
0.31465,42.93
0.31542,42.22
0.31620,42.08
0.31697,41.09
0.31775,41.09
0.31852,41.09
0.31930,41.09
0.32008,40.95
0.32087,40.95
0.32481,40.66
0.32561,40.66
0.32801,40.24
0.32881,40.24
0.32962,39.96
0.33042,39.82
0.33123,39.67
0.33204,38.40
0.33285,38.26
0.33367,38.26
0.33531,38.83
0.33613,38.97
0.33695,39.11
0.33777,39.25
0.33860,39.25
0.33943,39.25
0.34026,39.25
0.34109,39.25
0.34193,39.39
0.34277,39.53
0.34360,39.39
0.34445,40.24
0.34529,40.38
0.34613,40.95
0.34698,42.36
0.34783,44.48
0.34868,44.48
0.35039,45.19
0.35125,45.19
0.35297,46.04
0.35383,46.18
0.35470,46.18
0.35557,46.18
0.35644,46.18
0.35731,46.18
0.35819,46.32
0.35906,46.32
0.35994,46.18
0.36082,45.19
0.36259,44.20
0.36348,44.20
0.36616,43.21
0.36705,43.07
0.37066,42.79
0.37157,42.79
0.37248,42.79
0.37430,41.09
0.37522,41.23
0.37614,41.09
0.37706,40.24
0.37798,40.24
0.37891,39.25
0.37983,38.26
0.38076,37.41
0.38170,37.27
0.38263,36.28
0.38357,36.14
0.39114,35.57
0.39210,35.71
0.39790,36.28
0.39887,36.28
0.39985,36.28
0.40083,35.15
0.40181,34.44
0.40279,34.30
0.40378,34.16
0.40774,34.44
0.41075,36.28
0.41175,38.83
0.41276,38.97
0.41377,39.11
0.41478,40.95
0.41580,40.95
0.41682,42.08
0.41784,43.49
0.41886,43.64
0.41988,43.49
0.42194,46.32
0.42298,46.46
0.42401,46.61
0.42505,46.61
0.42609,46.61
0.43133,46.46
0.43239,46.46
0.43345,46.46
0.43451,47.88
0.43557,48.02
0.43664,48.02
0.43771,46.32
0.43878,40.95
0.43985,40.38
0.44093,40.38
0.44201,40.24
0.44309,40.10
0.44417,39.25
0.44526,39.11
0.44635,38.26
0.44744,37.98
0.44854,37.69
0.44964,37.41
0.45074,37.27
0.45184,36.28
0.45295,36.28
0.45406,36.00
0.45517,35.86
0.45628,35.86
0.46077,36.28
0.46189,36.28
0.46302,36.28
0.46416,36.28
0.46529,36.14
0.46643,35.43
0.46758,34.44
0.46872,34.44
0.46987,34.58
0.47102,34.72
0.47217,34.87
0.47449,35.29
0.47565,35.29
0.47681,35.43
0.47798,35.57
0.47915,35.57
0.48032,35.57
0.48150,38.26
0.48268,40.10
0.48386,41.09
0.48504,41.94
0.48623,43.35
0.48742,43.35
0.48861,45.19
0.48981,48.02
0.49101,51.70
0.49221,51.84
0.49342,51.70
0.49462,51.56
0.49583,51.27
0.49705,51.13
0.49826,51.13
0.49948,51.13
0.50071,51.13
0.50193,51.41
0.50316,51.56
0.50439,51.56
0.50563,51.70
0.50687,51.84
0.50811,51.84
0.50935,51.98
0.51060,41.09
0.51185,41.09
0.51310,40.95
0.51436,39.11
0.51562,37.27
0.51688,34.44
0.51814,34.58
0.51941,34.58
0.52068,34.72
0.52196,34.58
0.52324,34.58
0.52452,34.44
0.52580,34.44
0.52838,35.29
0.52967,35.15
0.53097,35.01
0.53227,34.72
0.53357,33.31
0.53488,33.17
0.53881,33.45
0.54013,33.59
0.54278,35.29
0.54411,36.28
0.54544,37.13
0.54678,37.55
0.54812,37.84
0.54946,38.26
0.55080,38.26
0.55215,39.25
0.55350,40.10
0.55486,40.24
0.55622,40.95
0.55758,43.49
0.55894,45.19
0.56031,45.19
0.56168,47.03
0.56306,47.17
0.56444,48.02
0.56582,48.30
0.56720,48.73
0.56859,48.73
0.57418,48.16
0.57558,48.16
0.57699,48.02
0.57841,47.17
0.57982,44.06
0.58124,42.22
0.58266,42.22
0.58409,42.08
0.58552,41.94
0.58695,41.94
0.58839,41.94
0.58983,40.24
0.59127,40.24
0.59272,39.39
0.59417,39.25
0.59563,37.27
0.59709,37.41
0.59855,37.27
0.60001,36.28
0.60148,36.28
0.60295,36.28
0.60443,36.28
0.60591,36.85
0.60739,36.85
0.60888,36.70
0.61637,37.98
0.61788,37.98
0.61939,39.25
0.62091,39.39
0.62243,39.39
0.62701,39.82
0.63008,43.07
0.63163,43.21
0.63317,44.06
0.63472,44.20
0.63628,44.91
0.63783,44.91
0.63939,44.91
0.64096,44.63
0.64253,44.20
0.64726,42.22
0.64884,42.79
0.65043,42.64
0.65202,41.80
0.65843,41.51
0.66004,41.51
0.66166,41.37
0.66328,40.95
0.66490,39.39
0.66653,39.25
0.66816,38.26
0.66980,38.40
0.67144,38.40
0.67308,40.24
0.67473,40.24
0.67638,40.24
0.68136,40.95
0.68303,41.09
0.68470,41.09
0.68638,41.23
0.68806,41.09
0.68974,42.08
0.69143,43.07
0.69312,43.49
0.69482,43.64
0.69652,43.78
0.69822,43.49
0.69993,43.92
0.70337,51.41
0.70509,45.19
0.70681,45.19
0.70854,45.19
0.71028,45.19
0.71202,45.19
0.71376,45.19
0.71551,45.19
0.71726,45.19
0.71901,44.77
0.72077,44.63
0.72254,41.37
0.72431,41.23
0.72608,41.23
0.72786,41.23
0.72964,41.37
0.73143,41.51
0.73322,40.38
0.73501,38.26
0.73681,37.13
0.73861,37.13
0.74042,35.15
0.74224,35.01
0.74405,34.87
0.75320,33.88
0.75505,34.02
0.75690,36.14
0.75875,36.28
0.76061,37.13
0.76247,37.27
0.76433,37.27
0.76621,37.41
0.76808,38.12
0.76996,39.25
0.77185,39.39
0.77374,40.95
0.77563,40.95
0.77753,41.09
0.77943,41.09
0.78134,41.09
0.78325,41.09
0.78709,40.10
0.78902,40.10
0.79095,39.25
0.79289,39.25
0.79483,39.25
0.79677,39.11
0.79872,38.40
0.80068,37.27
0.80264,37.27
0.80460,36.42
0.80657,36.42
0.80855,36.00
0.81053,34.30
0.81251,34.16
0.81450,33.31
0.81650,33.17
0.81849,33.17
0.82050,33.45
0.82251,34.02
0.82452,34.02
0.82856,34.44
0.83059,36.28
0.83262,36.28
0.84286,40.10
0.84493,40.95
0.84700,41.09
0.84907,41.65
0.85115,41.94
0.85323,42.22
0.85532,42.22
0.85741,42.22
0.85951,42.08
0.86162,41.09
0.86373,38.26
0.86584,38.26
0.86796,38.26
0.87009,37.27
0.87222,36.28
0.87435,35.43
0.87649,35.29
0.87864,34.44
0.88079,34.30
0.88294,33.73
0.88510,33.31
0.88727,33.31
0.88944,33.17
0.89162,33.31
0.89380,35.57
0.89599,35.86
0.89819,36.00
0.90038,37.27
0.90259,37.27
0.90480,37.98
0.90701,38.40
0.90923,38.54
0.91146,38.40
0.91369,43.21
0.91593,45.05
0.91817,45.19
0.92042,45.19
0.93174,45.05
0.93402,45.19
0.93630,44.20
0.93860,44.06
0.94089,41.51
0.94320,41.51
0.94551,36.28
0.94782,35.29
0.95014,34.44
0.95247,34.30
0.95480,31.75
0.95714,31.75
0.95948,31.61
0.96183,31.47
0.96418,31.33
0.96654,31.33
0.96891,31.47
0.97128,31.47
0.97366,31.47
0.97604,34.44
0.97843,36.28
0.98083,39.11
0.98323,39.25
0.98564,42.22
0.98805,47.88
0.99047,48.16
0.99289,48.16
1.00020,48.16
1.00265,48.02
1.00510,47.31
1.00756,47.31
1.01003,40.10
1.01250,37.13
1.01498,33.31
1.01747,34.30
1.01996,32.74
1.02245,32.89
1.02496,33.03
1.02747,33.17
1.02998,33.31
1.03250,33.31
1.03503,33.31
1.03756,34.44
1.04010,35.29
1.04265,35.86
1.04520,36.00
1.04776,39.25
1.05033,40.10
1.05290,40.24
1.05547,43.07
1.05806,47.03
1.06065,47.31
1.06325,47.17
1.06585,47.88
1.06846,48.02
1.07107,47.88
1.07369,47.17
1.07632,47.31
1.07896,44.34
1.08160,41.09
1.08425,38.40
1.08690,38.40
1.08956,38.26
1.09223,38.26
1.09490,38.12
1.09758,35.29
1.10296,34.44
1.10566,34.44
1.10837,34.44
1.11380,38.83
1.11653,38.83
1.12750,40.10
1.13026,45.05
1.13303,45.05
1.13580,45.05
1.13858,44.63
1.14137,44.20
1.14417,44.20
1.14697,42.36
1.14977,42.36
1.15259,42.36
1.15541,39.53
1.15824,39.25
1.16107,38.26
1.16392,38.26
1.16677,35.29
1.16962,35.29
1.17249,34.02
1.17536,33.17
1.17823,33.31
1.18112,33.31
1.18401,34.16
1.18691,36.14
1.18981,36.99
1.19273,36.85
1.20151,37.13
1.20445,37.13
1.20740,37.13
1.21035,37.27
1.21331,37.13
1.21628,36.99
1.21926,35.15
1.22225,34.16
1.22824,34.16
1.23125,34.58
1.23426,34.72
1.23728,35.29
1.24031,35.43
1.24335,35.29
1.24639,34.30
1.24944,34.30
1.25250,34.44
1.25557,37.69
1.25864,37.69
1.26172,37.41
1.26481,37.13
1.27101,42.08
1.27412,42.36
1.27724,43.21
1.28037,43.21
1.28350,43.21
1.28664,43.21
1.28979,43.07
1.29295,41.23
1.29611,41.51
1.29929,41.51
1.30247,39.25
1.30566,38.26
1.30885,37.13
1.31206,37.13
1.31527,37.13
1.31849,37.13
1.32172,37.13
1.32495,39.11
1.32820,39.25
1.33145,40.95
1.33471,41.09
1.33797,42.08
1.34125,44.63
1.34453,45.19
1.34782,45.19
1.35112,45.19
1.35443,45.05
1.35775,44.06
1.36107,45.19
1.36440,45.19
1.36774,45.19
1.37109,40.95
1.37445,40.10
1.37781,39.25
1.38118,39.11
1.38456,37.69
1.38795,37.69
1.39135,37.69
1.39476,36.28
1.39817,38.26
1.40160,40.95
1.40503,42.36
1.40847,42.50
1.41191,42.36
1.41537,45.19
1.41883,47.17
1.42231,48.02
1.42579,48.02
1.42928,48.02
1.43278,47.03
1.43629,47.03
1.43980,46.89
1.44333,41.23
1.44686,40.10
1.45040,37.27
1.45395,32.32
1.45751,33.73
1.46108,33.73
1.46466,33.45
1.46824,33.31
1.47544,48.87
1.47905,48.87
1.48267,48.87
1.48630,48.73
1.48994,48.59
1.49359,48.30
1.49724,48.30
1.50091,48.30
1.50458,48.44
1.50827,48.73
1.51196,48.73
1.51566,48.87
1.51937,48.87
1.52309,48.87
1.52682,30.48
1.53056,30.76
1.53430,33.88
1.53806,34.02
1.54182,34.30
1.54560,34.44
1.54938,34.44
1.55317,35.29
1.55698,43.49
1.56079,43.78
1.56461,43.78
1.56844,43.92
1.57228,43.35
1.57613,43.21
1.57999,39.11
1.58385,38.97
1.58773,38.83
1.59162,33.31
1.59551,30.34
1.59942,31.47
1.60334,31.47
1.60726,31.47
1.61119,32.46
1.61514,33.59
1.61909,33.59
1.62306,33.59
1.62703,36.14
1.63101,36.14
1.63501,36.28
1.63901,36.70
1.64302,37.27
1.64704,37.27
1.65107,37.13
1.65512,34.44
1.65917,34.44
1.66323,33.45
1.66730,33.45
1.67138,33.45
1.67547,33.59
1.67958,35.29
1.68369,35.29
1.68781,38.40
1.69194,42.36
1.69608,42.36
1.70023,42.36
1.70440,43.35
1.70857,43.35
1.71275,43.21
1.71694,42.22
1.72115,41.23
1.72536,41.23
1.72958,41.09
1.73382,40.95
1.73806,39.25
1.74232,39.11
1.74658,39.11
1.75086,39.25
1.75514,43.07
1.75944,43.21
1.76375,43.21
1.76807,44.06
1.77673,47.03
1.78108,47.03
1.78544,46.89
1.78981,45.19
1.79419,44.20
1.79859,43.35
1.80299,43.21
1.80740,41.09
1.81183,41.23
1.81626,42.50
1.82071,42.64
1.82517,42.50
1.82963,45.05
1.83411,45.19
1.83860,44.06
1.84762,47.45
1.85214,47.60
1.85667,47.45
1.86122,47.17
1.86577,47.03
1.87492,42.22
1.87951,42.08
1.88411,38.12
1.88872,37.13
1.89335,36.42
1.89798,43.21
1.90263,44.20
1.90729,45.19
1.91195,45.19
1.91664,45.19
1.93075,45.19
1.93547,45.05
1.94021,44.20
1.94496,37.69
1.94972,37.69
1.95449,37.41
1.95928,37.27
1.96407,35.29
1.96888,35.43
1.97370,35.71
1.97853,41.09
1.98338,41.23
1.98823,41.37
1.99310,41.94
2.00777,39.39
2.01269,39.25
2.01762,37.27
2.02255,37.27
2.02751,37.13
2.03247,37.13
2.03744,36.70
2.04243,36.70
2.07262,37.27
2.07769,36.99
2.08278,36.85
2.08787,36.56
2.09298,36.42
2.09811,36.42
2.10324,36.42
2.10839,41.23
2.11355,43.07
2.11873,43.21
2.12392,43.35
2.12911,43.35
2.13433,43.35
2.13955,43.21
2.14479,42.36
2.15004,42.36
2.15530,38.68
2.16058,38.40
2.16587,38.40
2.17117,39.25
2.17649,40.10
2.18181,45.19
2.18715,45.19
2.21406,45.19
2.21948,43.07
2.22491,42.79
2.23036,42.64
2.23582,41.37
2.24129,41.23
2.24678,43.07
2.25228,44.06
2.25779,45.19
2.26332,45.19
2.28556,45.05
2.29116,45.19
2.29676,45.19
2.30239,45.19
2.30802,41.23
2.31367,41.09
2.31934,41.09
2.32501,41.09
2.33641,44.77
2.34213,44.91
2.34786,44.77
2.35937,43.21
2.36515,43.21
2.37674,36.56
2.38256,36.85
2.38839,36.99
2.39424,36.99
2.40010,41.09
2.40598,41.23
2.41187,41.23
2.41777,41.23
2.42369,41.23
2.42962,40.24
2.43557,38.26
2.44153,34.44
2.44751,34.44
2.45350,34.58
2.45951,34.58
2.46553,34.44
2.47156,38.40
2.47761,38.40
2.48368,39.11
2.48976,39.25
2.49585,39.11
2.50196,38.26
2.50809,38.54
2.51423,38.40
2.52038,29.63
2.52655,30.20
2.53274,28.36
2.53894,33.31
2.54515,42.08
2.55138,42.22
2.55763,42.22
2.56389,42.08
2.57017,38.26
2.57646,38.26
2.58277,35.15
2.58909,35.01
2.59543,34.72
2.60178,37.27
2.60815,43.07
2.61454,45.19
2.62094,45.19
2.62735,45.19
2.63378,44.34
2.64023,44.20
2.64669,43.92
2.65317,41.09
2.65967,41.09
2.66618,41.09
2.67271,43.07
2.67925,45.19
2.68581,45.19
2.69238,45.19
2.69897,45.19
2.70558,45.19
2.71220,45.19
2.71884,43.35
2.72550,43.35
2.73217,43.35
2.73886,43.21
2.74556,43.21
2.75228,45.19
2.75902,45.19
2.76578,45.19
2.77255,45.19
2.77933,44.34
2.78614,43.21
2.79296,43.21
2.79980,43.07
2.80665,39.39
2.81352,41.09
2.82041,41.80
2.82731,42.50
2.83423,43.07
2.84117,44.06
2.84813,44.06
2.85510,44.06
2.86209,40.10
2.86909,40.10
2.87612,40.10
2.88316,39.96
2.89022,39.25
2.89729,40.24
2.90438,40.24
2.91149,42.50
2.91862,42.08
2.92577,42.22
2.93293,42.08
2.94011,31.47
2.94731,31.47
2.95452,41.80
2.96175,41.94
2.96900,43.07
2.97627,48.02
2.98356,48.16
2.99086,48.16
2.99818,48.02
3.00552,43.35
3.01288,43.49
3.02026,43.35
3.02765,43.35
3.03506,45.05
3.04249,44.06
3.04994,47.88
3.05740,48.02
3.06489,47.88
3.07239,47.74
3.07991,45.05
3.08745,44.20
3.09501,47.03
3.10259,48.02
3.11018,49.43
3.11780,49.43
3.12543,49.43
3.13308,49.15
3.14075,47.17
3.14844,47.03
3.15615,45.19
3.16387,46.89
3.17162,47.03
3.17938,47.03
3.21063,47.03
3.21849,40.24
3.22637,40.66
3.23426,40.66
3.24218,40.38
3.25012,43.21
3.25807,43.35
3.26605,44.06
3.27405,44.20
3.28206,43.64
3.29009,43.21
3.29815,41.09
3.30622,41.09
3.31432,41.09
3.32243,41.94
3.33056,45.19
3.33872,45.19
3.34689,45.19
3.35508,43.21
3.36330,43.21
3.37153,43.21
3.37978,43.21
3.38806,47.03
3.39635,49.01
3.40466,49.15
3.41300,49.15
3.42135,49.01
3.43813,47.88
3.44654,48.73
3.45498,48.87
3.46344,48.87
3.47192,49.01
3.48041,49.15
3.48893,49.01
3.49748,48.30
3.50604,48.44
3.51462,48.59
3.52322,48.59
3.53185,49.01
3.54049,49.15
3.55785,49.43
3.56656,49.43
3.58404,48.02
3.59282,47.03
3.60161,47.03
3.61043,47.17
3.61927,47.17
3.62813,45.19
3.63701,45.19
3.64591,44.48
3.65484,44.20
3.66378,43.21
3.67275,43.21
3.68174,43.07
3.69076,43.07
3.69979,42.93
3.71793,42.22
3.72703,42.22
3.73615,45.19
3.74530,46.89
3.75447,47.17
3.76366,47.17
3.77287,47.17
3.78211,45.19
3.79137,45.19
3.80065,45.19
3.80995,48.02
3.81928,49.15
3.82863,49.43
3.83800,49.43
3.84740,49.15
3.85681,49.15
3.86626,49.15
3.87572,49.29
3.88521,49.43
3.89472,49.43
3.92339,43.21
3.93300,48.02
3.94262,45.19
3.95228,45.19
3.96195,45.19
3.97165,48.02
3.98137,48.02
3.99112,48.16
4.00089,49.01
4.02050,45.19
4.03034,45.19
4.04021,45.19
4.05010,45.19
4.06001,45.19
4.06995,45.19
4.07992,44.20
4.08990,44.20
4.09992,44.20
4.10995,44.20
4.12001,45.19
4.13010,45.19
4.14021,45.19
4.15035,45.19
4.16051,45.19
4.17069,45.19
4.18090,47.03
4.19113,47.17
4.20139,47.17
4.21168,47.45
4.22199,47.60
4.23233,47.74
4.24269,47.88
4.25307,48.02
4.26348,48.16
4.27392,48.16
4.28438,48.16
4.29487,48.02
4.30538,47.88
4.31592,47.31
4.36901,45.19
4.37971,45.19
4.39043,45.19
4.40117,45.19
4.41195,45.19
4.42275,45.19
4.43358,39.25
4.44443,39.25
4.45531,39.25
4.46622,39.39
4.47715,41.09
4.48811,41.23
4.49910,41.37
4.51011,43.21
4.52115,43.35
4.53222,43.21
4.54331,45.19
4.55444,45.19
4.56558,45.19
4.57676,45.05
4.58796,44.06
4.59920,47.17
4.61045,47.31
4.62174,47.31
4.63306,47.17
4.64440,47.03
4.65577,45.19
4.66716,46.89
4.67859,47.03
4.69004,47.03
4.70152,47.03
4.71303,47.03
4.72457,46.89
4.73614,46.75
4.74773,46.75
4.75935,46.75
4.77100,45.19
4.78268,45.19
4.79439,45.19
4.80613,45.05
4.81789,44.20
4.82969,44.20
4.84151,44.20
4.85336,44.06
4.86524,43.07
4.87715,42.08
4.88909,41.23
4.90106,41.23
4.91306,41.51
4.92509,44.20
4.93714,44.20
4.94923,44.20
4.96134,45.19
4.97349,45.19
4.98566,47.88
4.99787,45.19
5.01010,46.61
5.02237,46.61
5.03466,46.32
5.04699,47.03
5.05934,47.03
5.07173,47.03
5.08414,47.03
5.09659,46.89
5.10907,46.32
5.12157,46.04
5.13411,46.04
5.14668,45.05
5.15928,44.91
5.17191,44.91
5.18457,45.05
5.19726,45.33
5.20998,45.33
5.22274,45.19
5.23552,41.94
5.24834,41.80
5.26119,41.80
5.27407,41.80
5.28698,39.67
5.29992,39.39
5.31289,39.39
5.32590,43.35
5.33894,43.35
5.35201,43.35
5.36511,43.35
5.37824,43.35
5.39141,43.07
5.40461,43.21
5.41784,43.35
5.43110,43.64
5.44439,43.78
5.45772,43.92
5.47108,44.20
5.48448,44.20
5.49790,44.20
5.51136,44.20
5.52485,44.48
5.53838,45.19
5.55194,45.19
5.56553,45.19
5.57915,45.19
5.59281,45.19
5.60650,45.19
5.62022,45.05
5.63398,44.91
5.64777,44.77
5.66160,44.06
5.67546,44.06
5.68935,44.06
5.70328,43.92
5.71724,43.78
5.73124,43.64
5.74527,40.24
5.75933,40.24
5.77343,40.24
5.78756,41.23
5.80173,41.37
5.81594,42.79
5.83017,42.79
5.84445,42.79
5.85875,45.19
5.87309,46.04
5.88747,46.18
5.90188,46.32
5.91633,46.46
5.93082,46.46
5.94533,46.46
5.95989,46.89
5.97448,47.03
5.98910,47.03
6.00376,47.17
6.01846,47.31
6.03319,47.17
6.04796,45.47
6.06277,45.19
6.07761,45.33
6.09249,45.90
6.10740,46.32
6.12235,46.32
6.13734,46.18
6.15237,43.21
6.16743,43.21
6.18252,44.20
6.19766,44.34
6.21283,47.17
6.22804,47.31
6.24329,47.17
6.25857,47.17
6.27389,47.17
6.28925,48.02
6.30465,48.16
6.32008,49.15
6.33555,49.29
6.35106,49.29
6.36661,49.01
6.38219,48.02
6.39782,47.03
6.42918,48.87
6.44492,48.87
6.46069,48.73
6.47651,48.44
6.50826,44.91
6.52419,45.05
6.54016,45.33
6.55617,45.47
6.57222,51.70
6.58831,51.70
6.60444,51.70
6.62060,51.56
6.63681,51.41
6.65306,51.27
6.66935,51.13
6.68567,51.13
6.70204,51.13
6.71844,51.27
6.73489,51.41
6.75138,51.56
6.76791,51.70
6.78447,51.84
6.80108,51.84
6.81773,51.98
6.83442,49.01
6.85115,48.02
6.86792,48.16
6.88474,48.02
6.90159,48.02
6.91848,47.88
6.93542,47.17
6.95240,47.17
6.96942,47.88
6.98648,48.02
7.02073,51.27
7.03791,49.29
7.05514,49.15
7.07241,49.15
7.08973,49.01
7.10708,49.01
7.12448,49.29
7.14192,49.29
7.15940,49.29
7.17693,49.29
7.19450,49.15
7.21211,48.16
7.22977,48.30
7.24746,48.59
7.26521,48.44
7.28299,46.32
7.30082,46.18
7.31869,46.04
7.33661,45.19
7.35457,48.16
7.37257,48.16
7.39062,48.16
7.40871,48.02
7.42685,49.15
7.44503,49.15
7.46326,49.15
7.48153,49.29
7.49984,49.29
7.51820,47.03
7.53660,46.18
7.55505,46.18
7.57355,46.18
7.59209,46.18
7.61067,46.18
7.62931,45.47
7.64798,45.47
7.66670,44.20
7.68547,44.06
7.70429,43.92
7.72315,46.04
7.74205,46.32
7.76100,48.02
7.78000,48.02
7.79905,48.02
7.81814,47.31
7.83728,47.17
7.85647,46.89
7.87570,46.46
7.89498,46.46
7.91430,46.32
7.93368,46.18
7.99209,46.75
8.01165,46.46
8.03126,45.33
8.05092,45.19
8.07063,43.21
8.09039,43.07
8.11019,43.07
8.13005,43.21
8.14995,44.34
8.16990,44.63
8.18990,44.48
8.20995,45.19
8.23005,45.19
8.25019,45.19
8.27039,44.63
8.29064,44.63
8.31093,44.48
8.33128,44.34
8.35167,44.20
8.37212,44.20
8.39261,44.20
8.41316,44.20
8.43375,44.20
8.45440,44.06
8.47509,43.92
8.49584,44.06
8.51664,44.20
8.53749,44.20
8.55839,43.35
8.57934,43.64
8.60034,43.64
8.62139,43.49
8.64250,43.35
8.66366,43.35
8.68486,43.35
8.70613,44.34
8.72744,44.63
8.74880,44.63
8.77022,45.05
8.79169,47.03
8.81321,46.89
8.83479,46.75
8.85641,46.61
8.87809,46.61
8.89983,46.46
8.92161,46.32
8.94345,46.18
8.96535,46.18
8.98729,46.32
9.05346,47.03
9.07562,47.03
9.09784,47.03
9.12011,47.17
9.14244,48.02
9.16482,48.02
9.18725,47.88
9.20974,48.02
9.23229,48.02
9.25489,48.02
9.27754,48.02
9.30026,46.18
9.32302,46.18
9.34585,46.18
9.36872,46.18
9.39166,47.17
9.41465,47.17
9.43770,48.16
9.46080,48.30
9.48396,48.73
9.50718,48.73
9.53045,48.02
9.55378,48.02
9.57717,48.02
9.60061,48.16
9.62411,48.44
9.64767,48.59
9.67129,47.31
9.69497,47.03
9.71870,47.03
9.74249,47.03
9.76634,47.17
9.79025,47.88
9.81422,48.02
9.83824,48.02
9.86232,48.02
9.88647,47.88
9.91067,47.03
9.93493,47.17
9.95925,48.02
10.03257,45.33
10.05713,45.05
10.08175,44.20
10.10643,44.20
10.13117,46.46
10.15597,46.61
10.18083,46.61
10.20576,46.46
10.23074,46.18
10.25578,46.18
10.28089,46.04
10.30606,43.21
10.33129,43.35
10.35658,43.35
10.38193,43.21
10.40735,43.21
10.43282,44.20
10.45836,45.19
10.48396,46.32
10.50963,46.46
10.53536,46.46
10.56115,46.89
10.58700,47.03
10.61292,47.03
10.63890,46.18
10.66494,45.76
10.69105,45.62
10.71722,45.33
10.74346,43.49
10.76976,43.35
10.79612,44.06
10.82255,44.20
10.84904,46.46
10.87560,46.46
10.90223,46.18
10.92891,46.04
10.95567,45.19
10.98249,45.19
11.00937,45.05
11.03632,44.77
11.06334,44.91
11.09042,44.91
11.11757,45.05
11.14479,45.19
11.17207,45.33
11.19942,45.47
11.22684,45.62
11.25432,45.62
11.28187,45.62
11.30949,45.47
11.33717,45.33
11.36493,45.19
11.39275,45.33
11.42064,45.47
11.44859,45.33
11.47662,43.21
11.50472,43.21
11.53288,43.07
11.56111,43.21
11.58941,44.48
11.61778,44.77
11.64622,44.77
11.67473,44.48
11.70331,44.20
11.73196,44.20
11.76068,44.20
11.81833,43.21
11.84726,43.21
11.87627,43.21
11.90534,43.07
11.93448,42.93
11.96370,42.22
11.99299,42.22
12.02234,42.22
12.05178,42.22
12.08128,42.08
12.11085,42.22
12.14050,42.22
12.17022,42.22
12.20001,42.22
12.22988,42.22
12.25982,42.08
12.28983,40.10
12.31991,39.25
12.35007,39.25
12.38031,39.25
12.41061,41.37
12.44099,41.65
12.47145,41.51
12.50198,41.51
12.53258,41.23
12.56326,41.23
12.59402,41.23
12.62485,40.38
12.65575,40.38
12.68674,40.38
12.71779,40.38
12.74893,40.10
12.78013,39.25
12.81142,39.39
12.84278,39.39
12.87422,39.53
12.90574,39.53
12.93733,40.10
12.96900,40.10
13.00075,40.10
13.03258,40.10
13.06448,40.10
13.09646,39.82
13.12852,39.11
13.16066,38.40
13.19288,38.26
13.22517,38.26
13.25755,37.27
13.29000,38.26
13.32254,38.54
13.35515,38.68
13.38784,38.40
13.42062,38.26
13.45347,38.26
13.48640,38.26
13.51942,38.40
13.55251,38.54
13.58569,38.40
13.61895,36.99
13.65229,36.42
13.68571,36.28
13.71921,35.43
13.75279,35.57
13.78646,35.57
13.82021,35.43
13.85404,35.15
13.88796,34.30
13.92195,34.44
13.95604,34.87
13.99020,34.87
14.02445,32.74
14.05878,32.32
14.09319,32.32
14.12769,32.46
14.16228,32.46
14.19695,32.46
14.23170,35.29
14.26654,35.29
14.30147,35.15
14.33648,34.30
14.37157,30.34
14.40675,30.48
14.44202,30.76
14.47737,30.91
14.51282,30.91
14.54834,30.91
14.58396,30.48
14.61966,30.34
14.65545,30.20
14.69132,29.49
14.72729,29.49
14.76334,29.49
14.79948,29.49
14.83571,29.49
14.87203,30.34
14.90843,29.49
14.94493,29.49
14.98151,28.36
15.01819,28.36
15.05495,28.36
15.09181,28.36
15.12875,28.22
15.16579,27.37
15.20291,27.23
15.24013,27.23
15.27744,27.09
15.31484,26.38
15.35233,26.24
15.38991,26.24
15.42758,26.24
15.46535,25.11
15.50321,25.11
15.54116,25.25
15.57921,25.39
15.61734,26.24
15.65558,26.24
15.69390,26.24
15.73232,26.24
15.77083,26.24
15.80944,25.53
15.84814,25.39
15.88694,25.39
15.92583,25.39
15.96481,26.38
16.00389,28.50
16.04307,28.93
16.08235,28.93
16.12171,26.52
16.16118,26.38
16.20074,27.37
16.24040,28.64
16.28016,29.21
16.32001,29.21
16.35996,28.78
16.40001,27.51
16.44016,28.50
16.48041,29.49
16.52075,29.49
16.56119,29.49
16.60173,29.35
16.64237,28.50
16.68311,28.50
16.72395,28.50
16.76490,29.35
16.80594,29.35
16.84708,29.35
16.88832,29.35
16.92966,29.35
16.97110,29.35
17.01265,28.50
17.05430,28.50
17.09604,29.07
17.13790,29.92
17.17985,30.20
17.22191,30.20
17.26406,30.06
17.30633,29.35
17.34869,29.35
17.39116,29.49
17.43374,29.77
17.47641,29.92
17.51920,30.06
17.56208,29.49
17.60507,29.35
17.64817,29.35
17.69137,29.21
17.73468,29.21
17.77810,29.21
17.82162,29.21
17.86524,29.21
17.90898,29.21
17.95282,28.50
17.99677,28.22
18.04082,28.08
18.08499,28.08
18.12926,27.93
18.17364,25.39
18.21813,25.53
18.26273,25.53
18.30743,24.96
18.35225,24.96
18.39718,24.68
18.44221,24.54
18.48736,26.24
18.53262,25.53
18.57798,25.39
18.62346,24.96
18.66905,24.96
18.71475,24.96
18.76057,25.53
18.80649,25.53
18.85253,25.67
18.89868,25.81
18.94495,27.37
18.99132,27.37
19.03781,27.37
19.08442,25.53
19.13114,25.39
19.17797,25.39
19.22492,25.39
19.27198,28.36
19.31916,28.36
19.36645,28.36
19.41386,27.65
19.46138,27.51
19.50903,27.51
19.55678,28.08
19.60466,28.36
19.65265,28.50
19.70076,28.50
19.74899,28.50
19.79733,28.50
19.84580,28.64
19.89438,28.78
19.94308,28.93
19.99190,28.93
20.04084,28.64
20.08990,27.51
20.13908,27.51
20.18838,27.51
20.23780,27.65
20.28734,27.79
20.33701,27.79
20.38679,28.50
20.43670,28.50
20.48673,28.50
20.53688,28.50
20.58715,26.38
20.63755,26.38
20.68807,26.38
20.73871,26.38
20.78948,26.38
20.84038,26.38
20.89139,26.38
20.94253,26.52
20.99380,26.80
21.04519,26.80
21.09671,26.66
21.14836,26.38
21.20013,23.55
21.25203,23.69
21.30405,23.83
21.35620,23.83
21.40848,23.97
21.46089,25.25
21.51343,26.38
21.56609,26.38
21.61888,24.40
21.67181,23.83
21.72486,23.83
21.77804,23.83
21.83136,23.69
21.88480,26.24
21.93837,26.38
21.99208,26.38
22.04591,26.52
22.09988,27.37
22.15398,27.37
22.20821,26.52
22.26258,25.53
22.31708,25.53
22.37171,25.39
22.42648,25.11
22.48138,25.11
22.53641,24.96
22.59158,24.68
22.64688,24.54
22.70232,24.40
22.75790,23.41
22.81361,23.27
22.86946,23.41
22.92544,23.55
22.98156,23.41
23.03782,22.56
23.09422,23.41
23.15075,23.55
23.20742,22.56
23.26424,22.56
23.32119,22.56
23.37828,22.56
23.43551,23.55
23.49288,23.69
23.55039,23.83
23.60804,23.83
23.66583,23.83
23.72376,23.83
23.78184,23.55
23.84006,24.54
23.89842,24.40
23.95692,22.42
24.01557,22.42
24.07436,22.42
24.13329,23.41
24.19237,22.56
24.25159,22.56
24.31096,23.41
24.37047,24.82
24.43013,24.82
24.48994,24.54
24.54989,24.54
24.60999,24.54
24.67023,23.55
24.73062,23.69
24.79116,23.83
24.85185,23.97
24.91269,24.40
24.97368,24.40
25.03481,24.40
25.09610,23.55
25.15753,23.69
25.21912,24.96
25.28085,25.11
25.34274,25.25
25.40478,27.37
25.46697,27.51
25.52931,29.49
25.59181,29.63
25.65446,29.77
25.71726,29.77
25.78021,29.63
25.84332,29.49
25.90659,29.49
25.97001,29.49
26.03358,29.49
26.09731,29.63
26.16120,30.76
26.22524,32.46
26.28944,32.60
26.35380,32.60
26.41831,32.46
26.48298,35.29
26.54781,32.46
26.61280,32.32
26.67795,32.32
26.74326,32.32
26.80872,32.32
26.87435,30.20
26.94014,29.92
27.00609,29.92
27.07220,29.92
27.13847,29.92
27.20491,31.33
27.27150,31.47
27.33826,31.47
27.40519,32.04
27.47228,32.32
27.53953,32.46
27.60694,32.32
27.67453,32.32
27.74227,32.32
27.81019,32.32
27.87826,32.46
27.94651,32.60
28.01492,34.58
28.08350,34.58
28.15225,34.44
28.22117,36.28
28.29025,36.28
28.35951,37.55
28.42893,37.84
28.49853,37.84
28.56829,37.98
28.63822,38.12
28.70833,38.26
28.77861,38.26
28.84906,37.41
28.91968,37.69
28.99048,37.69
29.06144,37.55
29.13259,37.27
29.20390,37.27
29.27539,37.41
29.34706,37.69
29.41890,37.69
29.49092,36.42
29.56311,36.14
29.63548,33.31
29.70803,33.31
29.78075,32.32
